email,name,age,company
pojohe2059@mfunza.com,Heather Burton,26,Fuller-Moore
pojohe2059@mfunza.com,Kaitlin Peterson,44,"Wright, Stewart and Beard"
pojohe2059@mfunza.com,Jasmine Reed,29,Lopez Group
pojohe2059@mfunza.com,Melissa Burgess,59,"Garcia, Huang and Howe"
pojohe2059@mfunza.com,Denise Thomas,34,"Griffin, Williams and Tate"
pojohe2059@mfunza.com,Nicole Gutierrez,29,English and Sons
pojohe2059@mfunza.com,Dana Gilmore,63,Berry-Jackson
pojohe2059@mfunza.com,Kristina Stewart,46,Garcia Group
pojohe2059@mfunza.com,Sarah Sanchez,35,Singh LLC
pojohe2059@mfunza.com,Jacob White,43,Adams Inc
pojohe2059@mfunza.com,Kimberly Payne,62,"Pollard, Warren and Reynolds"
pojohe2059@mfunza.com,Chad Pratt,66,Boyd LLC
pojohe2059@mfunza.com,Collin Newman,41,Gregory Ltd
pojohe2059@mfunza.com,Donna Howard,40,Romero-Lewis
pojohe2059@mfunza.com,Anna Ramirez,63,Brown-Richards
pojohe2059@mfunza.com,Andrew Espinoza,27,"Herrera, Harrison and Franklin"
pojohe2059@mfunza.com,James Bryant,62,"Davis, Wheeler and Koch"
pojohe2059@mfunza.com,Travis Martin,36,"Moore, Smith and Smith"
pojohe2059@mfunza.com,Scott White,51,"Harris, Garza and Smith"
pojohe2059@mfunza.com,Margaret Butler,32,Avila-Fernandez
pojohe2059@mfunza.com,Amber Matthews,68,Murphy-Whitney
pojohe2059@mfunza.com,Michael Carter,68,Mathis PLC
pojohe2059@mfunza.com,Emily Waters,52,Duarte PLC
pojohe2059@mfunza.com,Diane Rodriguez,40,Tanner LLC
pojohe2059@mfunza.com,Crystal Bell,37,Brown-Coleman
pojohe2059@mfunza.com,Erika Tucker,69,"Martin, Martin and Jones"
pojohe2059@mfunza.com,Stephanie Carter,40,"Graham, Gates and Russell"
pojohe2059@mfunza.com,Benjamin Franklin,42,Casey PLC
pojohe2059@mfunza.com,Ronnie Robinson,61,Jones Group
pojohe2059@mfunza.com,Alyssa Williams,53,"Keller, Harper and Boyle"
pojohe2059@mfunza.com,Linda Roberts,40,"Webster, Conner and Mcknight"
pojohe2059@mfunza.com,Rebecca Michael,58,Jackson-Williams
pojohe2059@mfunza.com,Brittany Farmer,54,Green PLC
pojohe2059@mfunza.com,Terry Ellis,44,Brown-Rodgers
pojohe2059@mfunza.com,James Anderson,45,Adams-Schaefer
pojohe2059@mfunza.com,Crystal Herman,19,Martinez-West
pojohe2059@mfunza.com,Kathy Martinez,47,Ross-Davis
pojohe2059@mfunza.com,Kimberly Allen,69,Dalton-Baxter
pojohe2059@mfunza.com,Nicholas Garcia,54,"Baxter, Patterson and Crawford"
pojohe2059@mfunza.com,Joshua Williams,31,King Inc
pojohe2059@mfunza.com,Mary Marsh,38,"Williams, Cox and Winters"
pojohe2059@mfunza.com,Katie Kelly,44,Gray Ltd
pojohe2059@mfunza.com,Stephen Reyes,57,Walker Ltd
pojohe2059@mfunza.com,Samantha Myers,26,"Watkins, Weeks and Forbes"
pojohe2059@mfunza.com,Cory Miller,29,"Hubbard, Navarro and Medina"
pojohe2059@mfunza.com,Colton Lawson,33,"Dixon, Stanley and Smith"
pojohe2059@mfunza.com,Robert Davis,28,Cuevas Group
pojohe2059@mfunza.com,Carol Phillips,26,Simon Ltd
pojohe2059@mfunza.com,Tiffany Vaughn,34,"Carroll, Ingram and Farmer"
pojohe2059@mfunza.com,Lisa Hill,22,"Gross, Brown and Trevino"
